{
  "project_info": {
    "project_number": "540277857756",
    "project_id": "speechclarity-9bd5f",
    "storage_bucket": "speechclarity-9bd5f.firebasestorage.app"
  },
  "client": [
    {
      "client_info": {
        "mobilesdk_app_id": "1:540277857756:android:d28066888f001361504319",
        "android_client_info": {
          "package_name": "com.example.bcube2"
        }
      },
      "oauth_client": [],
      "api_key": [
        {
          "current_key": "AIzaSyDDMp43miqXkhiA3-lEuhOkGzdynBjhmKk"
        }
      ],
      "services": {
        "appinvite_service": {
          "other_platform_oauth_client": []
        }
      }
    }
  ],
  "configuration_version": "1"
}